Brand,Title,Price,MRP,Discount_Percent,Rating,Review_Count,Size,URL
Safari,"Safari Genius Alley Set of 3 (Cabin + Medium + Large) Trolley Bags Hard Case Polypropylene, 4 Wheels, 360 Degree Wheeling Luggage, Suitcase for Travel, Trolley Bags for Travel, Flintstone",6999.0,,,4.0,6094,Cabin,https://www.amazon.in/Safari-Polypropylene-Wheeling-Suitcase-Flintstone/dp/B0FLYGLKYQ/ref=sr_1_5?sr=8-5
Safari,"Safari Cabin Genius Alley 55cm Trolley Bag Hard Case Polypropylene, 4 Spinner Wheels, 360 Degree Wheeling Carry on Luggage, Travel Bag, Suitcase for Travel, Trolley Bags for Travel, Navy",1499.0,6999.0,79.0,4.0,6094,Cabin,https://www.amazon.in/Safari-Trolley-Polypropylene-Wheeling-Suitcase/dp/B0F67J5S83/ref=sr_1_6?sr=8-6
Safari,"Safari Medium Thorium Neo 8 Wheels 66 Cm Check-in Trolley Bag Hard Case Polycarbonate 360 Degree Wheeling System Luggage, Trolley Bags for Travel, Suitcase for Travel, Graphite Blue",2499.0,9800.0,75.0,4.0,28452,Medium,https://www.amazon.in/Safari-Polycarbonate-Wheeling-Speed_Wheel-Suitcase/dp/B097JMXLT9/ref=sr_1_7?sr=8-7
Safari,"Safari Genius Alley Set of 3 (Cabin + Medium + Large) Trolley Bags Hard Case Polypropylene, 4 Wheels, 360 Degree Wheeling Luggage, Suitcase for Travel, Trolley Bags for Travel, Deep Forrest",4399.0,27997.0,84.0,4.0,6094,Cabin,https://www.amazon.in/Safari-Trolley-Polypropylene-Wheeling-Suitcase/dp/B0FLYFYT23/ref=sr_1_8?sr=8-8
Safari,"Safari Cabin Polycarbonate Spinner Thorium Neo 8 Wheels 55Cm Size Trolley Bag, Hard Case, 360º Wheeling Carry-On Luggage for Men &amp; Women, Travel Bag, Suitcase for Travel, Dusk Green",2099.0,7800.0,73.0,4.0,28452,Cabin,https://www.amazon.in/Safari-Polycarbonate-Spinner-Wheeling-Suitcase/dp/B097BH9MD5/ref=sxin_14_pa_sp_search_thematic_sspa
Safari,"Safari Pentagon Pro 8 Wheels Spinner Cabin Trolley Bag Polypropylene Hard Case, 360° Wheeling Carry on Luggage for Men &amp; Women, Suitcase for Travel, Black, 55 cm",1899.0,8999.0,79.0,4.2,34615,Cabin,https://www.amazon.in/Safari-Pentagon-Polypropylene-Wheeling-Suitcase/dp/B097BH338H/ref=sxin_14_pa_sp_search_thematic_sspa
Safari,"Safari Pentagon Pro 8 Wheels 55cm Cabin Size Trolley Bag, Hard Case Polypropylene, 360º Wheeling Small Carry-on Luggage, Suitcase for Travel, Trolley Bags for Travel, Luxury Beige",1899.0,8999.0,79.0,4.2,34615,Cabin,https://www.amazon.in/Safari-Pentagon-Polypropylene-Wheeling-Suitcase/dp/B097GSSCLC/ref=sr_1_11?sr=8-11
Safari,"Safari Polypropylene Spinner Pentagon Pro 8 Wheels Set Of 3 (Cabin + Medium + Large) Trolley Bags, Hard Case, 360º Wheeling Luggage, Suitcase For Travel, Navy, 55, 65, 75 cm",5199.0,33997.0,85.0,4.2,34615,Cabin,https://www.amazon.in/Safari-Pentagon-Polypropylene-Wheeling-Suitcase/dp/B097BFTPVH/ref=sr_1_12?sr=8-12
Safari,"Safari Medium Genius Alley 66cm Size Check-in Trolley Bag Hard Case Polypropylene, 4 Spinner Wheels, 360 Degree Wheeling Luggage, Travel Bag, Suitcase for Travel, Trolley Bags for Travel, Black",1999.0,8999.0,78.0,4.0,6094,Medium,https://www.amazon.in/Safari-Trolley-Polypropylene-Wheeling-Suitcase/dp/B0F67L3Y72/ref=sr_1_13?sr=8-13
Safari,"Safari Pentagon Pro 8 Wheels Set of 3 (Cabin + Medium + Large) Trolley Bags, Hard Case Polypropylene, 360º Wheeling Luggage, Suitcase for Travel, Cyan, Spinner Wheels",5199.0,33997.0,85.0,4.2,34615,Cabin,https://www.amazon.in/Safari-Pentagon-Polypropylene-Wheeling-Suitcase/dp/B097BDYZ26/ref=sr_1_10?sr=8-10
Skybags,"Skybags Cabin Paratrip Hardshell Luggage (55 Cm) | Polypropylene Luggage 4 Wheel Inline Trolley Bag with 8 Wheels | Bumblebee | Unisex, Small, Yellow",1629.0,7060.0,77.0,4.4,831,Cabin,https://www.amazon.in/Skybags-Paratrip-Hardshell-Polypropylene-Bumblebee/dp/B0CPSSB4BN/ref=sr_1_6?sr=8-6
Skybags,"Skybags Splash Trolley Bag 55, 65 &amp; 75cm | Cabin, Check-in | Printed Hard Luggage | Smooth 8-Wheel Suitcase | Combination Lock with Sturdy Zipper | 5 Years International Warranty - Unisex",2209.0,6666.0,67.0,4.3,4720,Cabin,https://www.amazon.in/Skybags-Suitcase-Combination-International-Warranty/dp/B0G6DKGRC7/ref=sr_1_7?sr=8-7&psc=1
Skybags,Skybags Cabin Paratrip Hard Luggage (55 cm) | Polypropylene Luggage Trolley with 8 Spinner Wheels| Purple Oppulence | Unisex,1833.0,7060.0,74.0,4.4,831,Cabin,https://www.amazon.in/Skybags-Paratrip-Luggage-Polypropylene-Oppulence/dp/B0CPSW5WJ5/ref=sr_1_8?sr=8-8
Skybags,"Skybags Cabin Trooper 55 Cms Small Abs Hardshellsided 4 Wheels Spinner Printed Luggage/Inline Suitcase/Trolley Back (Pale Green), Large",2304.0,6825.0,66.0,4.2,21580,Cabin,https://www.amazon.in/Skybags-Trooper-Hardsided-Spinner-Suitcase/dp/B0C8ZFXCB6/ref=sr_1_9?sr=8-9
Skybags,Skybags Lush Medium Size Hard Polycarbonate Polypropylene Spinner Luggage (81cm)|Printed Luggage Trolley with 8 Wheels and TSA Lock|Green-Blue|Unisex,2775.0,6940.0,60.0,4.2,2536,Medium,https://www.amazon.in/Skybags-Luggage-Printed-Trolley-Green-Blue/dp/B0FQ2X816Z/ref=sr_1_17?sr=8-17
American Tourister,"American Tourister Cabin Trolley Bag for Travel | Upland Spinner 55 Cms Polypropylene Hardsided Small Luggage Bag | 4 Wheel Suitcase for Travel | Trolley Bag for Travelling, Black",2249.0,7190.0,69.0,4.2,610,Cabin,https://www.amazon.in/American-Tourister-Upland-Trolly-Black/dp/B07Z417Y94/ref=sr_1_5?sr=8-5
American Tourister,American Tourister Jamaica 58CM Wine RED Soft Suitcase 4 Wheel (27O (0) 70 001),2299.0,7500.0,69.0,4.2,19989,Unknown,https://www.amazon.in/American-Tourister-27O-70-001/dp/B073XL1C3W/ref=sr_1_6?sr=8-6
American Tourister,American Tourister Ivy 2.0|Medium Size Check-in Spinner Trolley Bag (68 cm)|360° 8 Wheel Travel Luggage|Hard Case Polypropylene (PP) Suitcase|Combination Lock|Blue Frog,3299.0,8450.0,61.0,4.2,6875,Medium,https://www.amazon.in/American-Tourister-Suitcase-Trolley-Combination/dp/B0F5HKFPWR/ref=sr_1_7?sr=8-7
American Tourister,American Tourister Liftoff+|Large Size Check-in Spinner Trolley Bag (79 cm) for Travel|360° 8 Wheel Travel Luggage|Hard Case Polypropylene (PP) Suitcase|Mounted TSA Lock|Seafoam Blue,3999.0,9800.0,59.0,4.1,2356,Large,https://www.amazon.in/American-Tourister-Liftoff-Suitcase-Trolley/dp/B0F5HLYQK3/ref=sr_1_9?sr=8-9
American Tourister,American Tourister Icor|Small Size Cabin Trolley Bag (58 cm)|360° 4 Wheel Spinner Travel Luggage|Soft Case Polyester Expandable Suitcase|Mounted Combination Lock|Teal,3399.0,7390.0,54.0,4.2,903,Cabin,https://www.amazon.in/American-Tourister-Soft-Sided-Expandable-Combination/dp/B0CW9T2Y43/ref=sr_1_10?sr=8-10
American Tourister,"American Tourister Jamaica 80 CM Large Check-in Polyester Softside Trolley Bag with Combination Lock, Luggage Bag with 4 Spinner Wheels for Smooth Travel, Trolley for Men &amp; Women - Multi Colour",4099.0,10800.0,62.0,4.2,19989,Large,https://www.amazon.in/American-Tourister-Polyester-Softside-Combination/dp/B0FHJNMV97/ref=sr_1_11?sr=8-11
American Tourister,American Tourister Upland Sport 55 CM Small Carry-On Polypropylene (PP) Hard 4 Wheels Spinner Luggage/Suitcase/Trolley Bag for Travel (Pool Blue),2249.0,7450.0,70.0,4.2,610,Cabin,https://www.amazon.in/American-Tourister-Polypropylene-Spinner-Suitcase/dp/B0F4G1J733/ref=sr_1_12?sr=8-12
American Tourister,American Tourister Liftoff+|Large Size Check-in Spinner Trolley Bag (79 cm) for Travel|360° 8 Wheel Travel Luggage|Hard Case Polypropylene (PP) Suitcase|Mounted TSA Lock|Spa Blue,3999.0,9800.0,59.0,4.1,2356,Large,https://www.amazon.in/American-Tourister-Liftoff-Suitcase-Trolley/dp/B0F5HM58RR/ref=sr_1_13?sr=8-13
American Tourister,American Tourister Ivy 2.0|Large Size Check-in Spinner Trolley Bag (79 cm)|360° 8 Wheel Travel Luggage|Hard Case Polypropylene (PP) Suitcase|Combination Lock|Black,3799.0,9950.0,62.0,4.2,6875,Large,https://www.amazon.in/American-Tourister-Suitcase-Trolley-Combination/dp/B0F5HQQ361/ref=sr_1_15?sr=8-15
American Tourister,"American Tourister Cabin Trolley Bag for Travel|Splash 55 Cms Polycarbonate Hardsided Small Luggage Bag|Speed_Wheel 8 Wheel Suitcase for Travel|Trolley Bag for Travelling, Coral/Teal",3482.0,4100.0,15.0,4.5,1268,Cabin,https://www.amazon.in/American-Tourister-Polycarbonate-LG1-22/dp/B0B6BVXCCD/ref=sr_1_16?sr=8-16
Aristocrat,Aristocrat Polycarbonate Spinner Comet Cabin Trolley Bag 56cm|Small|Hard Luggage| Smooth 8-Wheel Suitcase|Combination Lock with Sturdy Zipper|Full Fabric Convipack|3-Year International Warranty (Blue),1399.0,7990.0,82.0,4.1,2604,Cabin,https://www.amazon.in/Aristocrat-Polycarbonate-Combination-Convipack-International/dp/B0FC6QHR4T/ref=sr_1_6?sr=8-6
Aristocrat,"Aristocrat Liberty Medium (Check-in) Polypropylene Hard Spinner Trolley Bag, 68Cm|Combination Lock|8 Wheels|3 Years International Warranty|New Saddle Brown",1950.0,8125.0,76.0,4.2,1479,Medium,https://www.amazon.in/Aristocrat-Liberty-Combination-International-Warranty/dp/B0FMF7NN53/ref=sr_1_7?sr=8-7
Aristocrat,Aristocrat Comet Check-in Trolley Bag 66cm | Medium | Hard Luggage| Smooth 8-Wheel Suitcase| Combination Lock with Sturdy Zipper | Full Fabric Convipack | 3-Year International Warranty (Grey),1829.0,10890.0,83.0,4.1,2604,Medium,https://www.amazon.in/Aristocrat-Suitcase-Combination-Convipack-International/dp/B0FC6NNC9N/ref=sr_1_9?sr=8-9
Aristocrat,"Aristocrat Liberty Medium (Check-in) Trolley Bag, 68Cm | Combination Lock | 8 Wheels | 3 Years International Warranty | Jet Black, Polypropylene (PP), Hard, Spinner Wheel",1950.0,8125.0,76.0,4.2,1479,Medium,https://www.amazon.in/Aristocrat-Liberty-Combination-International-Warranty/dp/B0FMF3PRSZ/ref=sr_1_8?sr=8-8
Aristocrat,"Aristocrat Liberty Medium (Check-in) Polypropylene Hard Spinner Trolley Bag, 68Cm|Combination Lock|8 Wheels|3 Years International Warranty|Spanish Blue",1950.0,8125.0,76.0,4.2,1479,Medium,https://www.amazon.in/Aristocrat-Liberty-Combination-International-Warranty/dp/B0FMF4NSXP/ref=sr_1_10?sr=8-10
Aristocrat,Aristocrat Atlas Set of 2 Trolley Bag 55cm &amp; 66cm | Small+Medium | Hard Luggage | Smooth 8-Wheel Suitcase | Secure Combination Lock with Sturdy Zipper | Full Fabric Convipack| 3-Year Warranty (White),3079.0,15280.0,80.0,4.0,1271,Cabin,https://www.amazon.in/Aristocrat-Suitcase-Combination-Convipack-Warranty/dp/B0FPXMK92R/ref=sr_1_11?sr=8-11
Aristocrat,"Aristocrat Large Polypropylene Airpro Spinner Check-in 75 Cm() 8 Wheels Trolley Bags for Travel Hard Case Luggage, Lightweight Bag with Combination Lock &amp; Robust Trolley with 3 Years Warranty (Blue)",2099.0,12920.0,84.0,4.2,12676,Large,https://www.amazon.in/Aristocrat-Trolley-Lightweight-Combination-Warranty/dp/B0D4S1FHLD/ref=sr_1_12?sr=8-12
Aristocrat,Aristocrat Solana Cabin Trolley Bag 53cm | Small | Hard Luggage | 8-Wheel Suitcase with Laptop Compartment for Business Travel | TSA Lock with Anti-Theft Zipper | 3 Years International Warranty (Blue),2999.0,8000.0,63.0,3.9,44,Cabin,https://www.amazon.in/Aristocrat-Suitcase-Compartment-Anti-Theft-International/dp/B0GVSH9MJD/ref=sr_1_13?sr=8-13
Aristocrat,Aristocrat Medium Commander 69Cms Premium Polyester with PVC Coating Soft Sided Check-in 4 Spinner Wheels Black Suitcase,2119.0,9300.0,77.0,4.3,1905,Medium,https://www.amazon.in/Aristocrat-Commander-Premium-Polyester-Suitcase/dp/B0C1K5S9X4/ref=sr_1_14?sr=8-14
Aristocrat,Aristocrat Atlas Check-in Trolley Bag 66cm | Medium | Hard Luggage | Smooth 8-Wheel Suitcase | Secure Combination Lock with Sturdy Zipper | Full Fabric Convipack | 3-Year Warranty (Teal Blue),1999.0,8490.0,76.0,4.0,1271,Medium,https://www.amazon.in/Aristocrat-Suitcase-Combination-Convipack-Warranty/dp/B0FPXK5JRQ/ref=sr_1_15?sr=8-15
Nasher Miles,Nasher Miles Springfield Hard-Sided Polypropylene Check-in Luggage 28 inch | 75cm | 8 Wheels Large Trolley Bag for Travel | Suitcase (Cool Mint),2799.0,16995.0,84.0,3.7,67,Large,https://www.amazon.in/Nasher-Miles-Springfield-Hard-Sided-Polypropylene/dp/B0D47KQ81Z/ref=sr_1_5?sr=8-5
Nasher Miles,Nasher Miles Boston Hard-Sided Polypropylene Cabin Luggage 20 inch | 55cm | 8 Wheels Double Spinner Small Trolley Bag for Travel | Suitcase (Grey),2449.0,12995.0,81.0,4.1,716,Cabin,https://www.amazon.in/Nasher-Miles-Hard-Sided-Polypropylene-Suitcase/dp/B0D766WDBV/ref=sr_1_6?sr=8-6
Nasher Miles,Nasher Miles Polypropylene 360 Degree Paris Hard-Sided Cabin Luggage 20 inch | 55cm | 8 Wheels Small Trolley Bag for Travel | Suitcase (Pastel Green),2699.0,13995.0,81.0,4.2,2059,Cabin,https://www.amazon.in/Nasher-Miles-Hard-Sided-Polypropylene-Luggage/dp/B09G72J5Y6/ref=sr_1_7?sr=8-7
Nasher Miles,Nasher Miles Paris Hard-Sided Polypropylene Cabin Luggage 20 inch | 55cm | 8 Wheels Double Spinner Small Trolley Bag for Travel | Suitcase (Navy Blue),2299.0,13995.0,84.0,4.2,2059,Cabin,https://www.amazon.in/Nasher-Miles-Paris-Navy-Blue/dp/B09G74MNFL/ref=sr_1_8?sr=8-8
Nasher Miles,Nasher Miles Paris Hard-Sided Polypropylene Check-in Luggage 24 inch | 65cm | 8 Wheels Medium Trolley Bag for Travel | Suitcase (Grey),2999.0,15995.0,81.0,4.2,2059,Medium,https://www.amazon.in/Nasher-Miles-Hard-Sided-Polypropylene-Suitcase/dp/B0GCZJR5ZY/ref=sr_1_9?sr=8-9
Nasher Miles,Nasher Miles Paris Hard-Sided Polypropylene Check-in Luggage 24 inch | 65cm | 8 Wheels Medium Trolley Bag for Travel | Suitcase (Peach),2799.0,15995.0,83.0,4.2,2059,Medium,https://www.amazon.in/Nasher-Miles-Paris-Polypropylene-Peach/dp/B09G715R22/ref=sr_1_10?sr=8-10
Nasher Miles,Nasher Miles Large Vienna Hard-Sided Polypropylene Double Spinner Check-in Luggage 28 inch | 75cm | 8 Wheels Trolley Bag for Travel | Suitcase (Cream White),3499.0,17995.0,81.0,4.2,543,Large,https://www.amazon.in/Nasher-Miles-Hard-Sided-Polypropylene-Luggage/dp/B0CGTXL5V1/ref=sr_1_11?sr=8-11
Nasher Miles,Nasher Miles Polypropylene 360 Degree Paris Hard-Sided Cabin Luggage 20 inch | 55cm | 8 Wheels Small Trolley Bag for Travel | Suitcase (Maroon),2549.0,13995.0,82.0,4.2,2059,Cabin,https://www.amazon.in/Nasher-Miles-Paris-Polypropylene-Maroon/dp/B09G72D86K/ref=sr_1_12?sr=8-12
Nasher Miles,Nasher Miles Cabin Vienna Hard-Sided Polypropylene Luggage 20 inch | 55cm | 8 Wheels Double Spinner Small Trolley Bag for Travel | Suitcase (Pink),2349.0,13995.0,83.0,4.2,543,Cabin,https://www.amazon.in/Nasher-Miles-Hard-Sided-Polypropylene-Luggage/dp/B0CGTXCH1G/ref=sr_1_13?sr=8-13
Nasher Miles,Nasher Miles Boston Hard-Sided Polypropylene Double Spinner Check-in Luggage 28 inch | 75cm | 8 Wheels Large Trolley Bag for Travel | Suitcase (Black),3149.0,16995.0,81.0,4.1,716,Large,https://www.amazon.in/Nasher-Miles-Hard-Sided-Polypropylene-Suitcase/dp/B0D765DC6Q/ref=sr_1_14?sr=8-14
